{"RuleTriggered": 0, "Violations": 324, "Details": {"low_gpu_utilization": 931, "bottlenecks": {"1699194481.000968": {"GPUs": 1, "CPUs": 1}, "1699194482.501141": {"GPUs": 1, "CPUs": 1}, "1699194484.001115": {"GPUs": 1, "CPUs": 1}, "1699194485.00153": {"GPUs": 1, "CPUs": 1}, "1699194486.500918": {"GPUs": 1, "CPUs": 1}, "1699194487.501317": {"GPUs": 1, "CPUs": 1}, "1699194488.500855": {"GPUs": 1, "CPUs": 1}, "1699194489.001271": {"GPUs": 1, "CPUs": 2}, "1699194489.501483": {"GPUs": 1, "CPUs": 1}, "1699194490.000889": {"GPUs": 1, "CPUs": 1}, "1699194491.001389": {"GPUs": 1, "CPUs": 1}, "1699194492.501608": {"GPUs": 1, "CPUs": 1}, "1699194493.001584": {"GPUs": 1, "CPUs": 2}, "1699194494.001018": {"GPUs": 1, "CPUs": 2}, "1699194494.501296": {"GPUs": 1, "CPUs": 1}, "1699194495.000832": {"GPUs": 1, "CPUs": 1}, "1699194496.001221": {"GPUs": 1, "CPUs": 1}, "1699194498.001617": {"GPUs": 1, "CPUs": 1}, "1699194504.501563": {"GPUs": 1, "CPUs": 1}, "1699194516.001488": {"GPUs": 1, "CPUs": 1}, "1699194516.501148": {"GPUs": 1, "CPUs": 1}, "1699194517.001185": {"GPUs": 1, "CPUs": 1}, "1699194520.00116": {"GPUs": 1, "CPUs": 1}, "1699194522.501314": {"GPUs": 1, "CPUs": 1}, "1699194523.001513": {"GPUs": 1, "CPUs": 1}, "1699194657.501398": {"GPUs": 1, "CPUs": 1}, "1699194665.50146": {"GPUs": 1, "CPUs": 1}, "1699194666.001116": {"GPUs": 1, "CPUs": 1}, "1699194667.500847": {"GPUs": 1, "CPUs": 1}, "1699194670.500713": {"GPUs": 1, "CPUs": 1}, "1699194671.500932": {"GPUs": 1, "CPUs": 1}, "1699194672.001091": {"GPUs": 1, "CPUs": 1}, "1699194674.501633": {"GPUs": 1, "CPUs": 1}, "1699194675.001433": {"GPUs": 1, "CPUs": 1}, "1699194679.001536": {"GPUs": 1, "CPUs": 1}, "1699194680.001662": {"GPUs": 1, "CPUs": 1}, "1699194680.501367": {"GPUs": 1, "CPUs": 1}, "1699194682.001218": {"GPUs": 1, "CPUs": 1}, "1699194685.50144": {"GPUs": 1, "CPUs": 1}, "1699194686.000841": {"GPUs": 1, "CPUs": 1}, "1699194695.001431": {"GPUs": 1, "CPUs": 1}, "1699194696.001527": {"GPUs": 1, "CPUs": 1}, "1699194756.501105": {"GPUs": 1, "CPUs": 1}, "1699194758.000886": {"GPUs": 1, "CPUs": 1}, "1699194763.001201": {"GPUs": 1, "CPUs": 1}, "1699194780.001357": {"GPUs": 1, "CPUs": 1}, "1699194792.501236": {"GPUs": 1, "CPUs": 1}, "1699194793.501131": {"GPUs": 1, "CPUs": 1}, "1699194794.000695": {"GPUs": 1, "CPUs": 1}, "1699194794.501103": {"GPUs": 1, "CPUs": 1}, "1699194795.001532": {"GPUs": 1, "CPUs": 1}, "1699194796.501207": {"GPUs": 1, "CPUs": 1}, "1699194797.000709": {"GPUs": 1, "CPUs": 1}, "1699194797.500983": {"GPUs": 1, "CPUs": 1}, "1699194798.501446": {"GPUs": 1, "CPUs": 3}, "1699194799.001517": {"GPUs": 1, "CPUs": 3}, "1699194800.000711": {"GPUs": 1, "CPUs": 4}, "1699194801.001519": {"GPUs": 1, "CPUs": 2}, "1699194801.50091": {"GPUs": 1, "CPUs": 2}, "1699194805.001384": {"GPUs": 1, "CPUs": 1}, "1699194805.500738": {"GPUs": 1, "CPUs": 3}, "1699194806.001596": {"GPUs": 1, "CPUs": 2}, "1699194806.501004": {"GPUs": 1, "CPUs": 5}, "1699194807.000967": {"GPUs": 1, "CPUs": 6}, "1699194807.501044": {"GPUs": 1, "CPUs": 4}, "1699194808.001122": {"GPUs": 1, "CPUs": 3}, "1699194808.501355": {"GPUs": 1, "CPUs": 4}, "1699194809.500957": {"GPUs": 1, "CPUs": 3}, "1699194810.001118": {"GPUs": 1, "CPUs": 3}, "1699194811.501141": {"GPUs": 1, "CPUs": 4}, "1699194812.000951": {"GPUs": 1, "CPUs": 4}, "1699194812.501683": {"GPUs": 1, "CPUs": 4}, "1699194813.501626": {"GPUs": 1, "CPUs": 3}, "1699194814.001428": {"GPUs": 1, "CPUs": 4}, "1699194815.001023": {"GPUs": 1, "CPUs": 3}, "1699194816.001367": {"GPUs": 1, "CPUs": 4}, "1699194816.501327": {"GPUs": 1, "CPUs": 4}, "1699194817.000947": {"GPUs": 1, "CPUs": 3}, "1699194817.501543": {"GPUs": 1, "CPUs": 4}, "1699194818.001215": {"GPUs": 1, "CPUs": 2}, "1699194818.501039": {"GPUs": 1, "CPUs": 4}, "1699194819.501446": {"GPUs": 1, "CPUs": 4}, "1699194820.501213": {"GPUs": 1, "CPUs": 4}, "1699194821.50102": {"GPUs": 1, "CPUs": 4}, "1699194822.001578": {"GPUs": 1, "CPUs": 2}, "1699194822.501658": {"GPUs": 1, "CPUs": 4}, "1699194823.001323": {"GPUs": 1, "CPUs": 4}, "1699194824.500942": {"GPUs": 1, "CPUs": 3}, "1699194825.501517": {"GPUs": 1, "CPUs": 4}, "1699194826.501018": {"GPUs": 1, "CPUs": 2}, "1699194827.500709": {"GPUs": 1, "CPUs": 4}, "1699194828.00148": {"GPUs": 1, "CPUs": 4}, "1699194828.501482": {"GPUs": 1, "CPUs": 4}, "1699194829.001308": {"GPUs": 1, "CPUs": 1}, "1699194829.501047": {"GPUs": 1, "CPUs": 2}, "1699194833.001758": {"GPUs": 1, "CPUs": 4}, "1699194833.501498": {"GPUs": 1, "CPUs": 3}, "1699194834.50146": {"GPUs": 1, "CPUs": 4}, "1699194835.001263": {"GPUs": 1, "CPUs": 1}, "1699194836.001376": {"GPUs": 1, "CPUs": 3}, "1699194836.501331": {"GPUs": 1, "CPUs": 4}, "1699194837.000962": {"GPUs": 1, "CPUs": 4}, "1699194837.5007": {"GPUs": 1, "CPUs": 4}, "1699194838.501252": {"GPUs": 1, "CPUs": 4}, "1699194839.501569": {"GPUs": 1, "CPUs": 4}, "1699194840.001108": {"GPUs": 1, "CPUs": 2}, "1699194840.501132": {"GPUs": 1, "CPUs": 2}, "1699194841.501536": {"GPUs": 1, "CPUs": 2}, "1699194842.000938": {"GPUs": 1, "CPUs": 3}, "1699194842.500657": {"GPUs": 1, "CPUs": 5}, "1699194843.001428": {"GPUs": 1, "CPUs": 2}, "1699194843.501223": {"GPUs": 1, "CPUs": 3}, "1699194844.001523": {"GPUs": 1, "CPUs": 3}, "1699194844.50143": {"GPUs": 1, "CPUs": 3}, "1699194845.500705": {"GPUs": 1, "CPUs": 4}, "1699194846.001367": {"GPUs": 1, "CPUs": 2}, "1699194846.501157": {"GPUs": 1, "CPUs": 4}, "1699194847.500706": {"GPUs": 1, "CPUs": 4}, "1699194848.00128": {"GPUs": 1, "CPUs": 3}, "1699194848.501184": {"GPUs": 1, "CPUs": 4}, "1699194849.001123": {"GPUs": 1, "CPUs": 3}, "1699194849.500742": {"GPUs": 1, "CPUs": 4}, "1699194850.001362": {"GPUs": 1, "CPUs": 3}, "1699194851.00102": {"GPUs": 1, "CPUs": 4}, "1699194852.001557": {"GPUs": 1, "CPUs": 4}, "1699194853.000754": {"GPUs": 1, "CPUs": 3}, "1699194853.501239": {"GPUs": 1, "CPUs": 2}, "1699194854.501255": {"GPUs": 1, "CPUs": 1}, "1699194855.001028": {"GPUs": 1, "CPUs": 1}, "1699194856.000727": {"GPUs": 1, "CPUs": 4}, "1699194856.501208": {"GPUs": 1, "CPUs": 2}, "1699194857.001128": {"GPUs": 1, "CPUs": 1}, "1699194858.001249": {"GPUs": 1, "CPUs": 2}, "1699194858.501141": {"GPUs": 1, "CPUs": 4}, "1699194859.500746": {"GPUs": 1, "CPUs": 4}, "1699194860.501126": {"GPUs": 1, "CPUs": 3}, "1699194861.501613": {"GPUs": 1, "CPUs": 4}, "1699194862.500768": {"GPUs": 1, "CPUs": 4}, "1699194863.001213": {"GPUs": 1, "CPUs": 4}, "1699194863.500757": {"GPUs": 1, "CPUs": 3}, "1699194864.500697": {"GPUs": 1, "CPUs": 3}, "1699194865.501372": {"GPUs": 1, "CPUs": 4}, "1699194866.501599": {"GPUs": 1, "CPUs": 4}, "1699194867.501291": {"GPUs": 1, "CPUs": 4}, "1699194868.501306": {"GPUs": 1, "CPUs": 4}, "1699194869.000777": {"GPUs": 1, "CPUs": 2}, "1699194869.501436": {"GPUs": 1, "CPUs": 4}, "1699194870.001254": {"GPUs": 1, "CPUs": 4}, "1699194871.001395": {"GPUs": 1, "CPUs": 4}, "1699194871.501173": {"GPUs": 1, "CPUs": 4}, "1699194872.000947": {"GPUs": 1, "CPUs": 4}, "1699194873.00138": {"GPUs": 1, "CPUs": 4}, "1699194873.501239": {"GPUs": 1, "CPUs": 4}, "1699194875.50092": {"GPUs": 1, "CPUs": 4}, "1699194876.501312": {"GPUs": 1, "CPUs": 3}, "1699194878.00131": {"GPUs": 1, "CPUs": 2}, "1699194878.50198": {"GPUs": 1, "CPUs": 4}, "1699194879.000792": {"GPUs": 1, "CPUs": 3}, "1699194879.500788": {"GPUs": 1, "CPUs": 4}, "1699194880.001338": {"GPUs": 1, "CPUs": 2}, "1699194880.501698": {"GPUs": 1, "CPUs": 1}, "1699194881.500752": {"GPUs": 1, "CPUs": 4}, "1699194882.00134": {"GPUs": 1, "CPUs": 4}, "1699194882.501222": {"GPUs": 1, "CPUs": 4}, "1699194883.000726": {"GPUs": 1, "CPUs": 4}, "1699194885.501581": {"GPUs": 1, "CPUs": 4}, "1699194887.001313": {"GPUs": 1, "CPUs": 4}, "1699194887.501013": {"GPUs": 1, "CPUs": 3}, "1699194888.001677": {"GPUs": 1, "CPUs": 3}, "1699194888.501175": {"GPUs": 1, "CPUs": 4}, "1699194889.000927": {"GPUs": 1, "CPUs": 4}, "1699194890.001504": {"GPUs": 1, "CPUs": 4}, "1699194890.501326": {"GPUs": 1, "CPUs": 4}, "1699194891.000966": {"GPUs": 1, "CPUs": 4}, "1699194891.50167": {"GPUs": 1, "CPUs": 4}, "1699194892.501154": {"GPUs": 1, "CPUs": 4},