{"RuleTriggered": 1, "Violations": 3, "Details": {"pin_memory": false, "num_workers": 4, "cores": 8, "dataloaders": 4, "dataloading_time": {"p25": 3.204053, "p50": 19.9209645, "p95": 24.457428, "probs": [9, 0, 0, 1, 0, 0, 0, 0, 0, 0, 11, 17, 0, 0, 0, 0, 0, 0, 4, 0, 0, 0, 0, 0, 0, 0, 0, 0, 0, 0, 0, 0, 0, 0, 0, 0, 0, 0, 0, 0, 0, 0, 0, 0, 0, 0, 0, 0, 0, 0, 0, 0, 0, 0, 0, 0, 0, 0, 0, 0, 0, 0, 0, 0, 0, 0, 0, 0, 4, 8, 4, 12, 0, 0, 0, 8, 0, 0, 0, 0, 0, 0, 0, 0, 8, 0, 0, 0, 0, 0, 0, 0, 0, 0, 0, 0, 0, 0, 0, 4], "binedges": [0.001408, 0.29034594, 0.57928388, 0.8682218199999999, 1.15715976, 1.4460977000000002, 1.73503564, 2.0239735800000003, 2.31291152, 2.60184946, 2.8907874000000002, 3.17972534, 3.46866328, 3.75760122, 4.04653916, 4.335477099999999, 4.62441504, 4.91335298, 5.202290919999999, 5.49122886, 5.7801668, 6.069104739999999, 6.35804268, 6.64698062, 6.935918559999999, 7.2248565, 7.51379444, 7.80273238, 8.09167032, 8.380608259999999, 8.6695462, 8.95848414, 9.24742208, 9.53636002, 9.82529796, 10.1142359, 10.40317384, 10.69211178, 10.98104972, 11.26998766, 11.5589256, 11.84786354, 12.136801479999999, 12.42573942, 12.71467736, 13.0036153, 13.29255324, 13.58149118, 13.870429119999999, 14.15936706, 14.448305, 14.73724294, 15.02618088, 15.31511882, 15.60405676, 15.8929947, 16.181932640000003, 16.470870580000003, 16.75980852, 17.04874646, 17.3376844, 17.62662234, 17.91556028, 18.20449822, 18.49343616, 18.782374100000002, 19.071312040000002, 19.360249980000003, 19.649187920000003, 19.938125860000003, 20.227063800000003, 20.51600174, 20.80493968, 21.09387762, 21.38281556, 21.6717535, 21.96069144, 22.249629380000002, 22.538567320000002, 22.827505260000002, 23.116443200000003, 23.405381140000003, 23.694319080000003, 23.983257020000003, 24.27219496, 24.5611329, 24.85007084, 25.13900878, 25.42794672, 25.71688466, 26.005822600000002, 26.294760540000002, 26.583698480000002, 26.872636420000003, 27.161574360000003, 27.450512300000003, 27.73945024, 28.02838818, 28.31732612, 28.60626406, 28.895202]}}, "Datapoints": 90, "RuleParameters": "min_threshold:70\nmax_threshold:200"}