{"RuleTriggered": 0, "Violations": 25, "Details": {"low_gpu_utilization": 931, "bottlenecks": {"1699194480.000772": {"GPUs": 1, "CPUs": 1}, "1699194480.500707": {"GPUs": 1, "CPUs": 2}, "1699194481.000968": {"GPUs": 1, "CPUs": 2}, "1699194485.501267": {"GPUs": 1, "CPUs": 1}, "1699194486.001306": {"GPUs": 1, "CPUs": 1}, "1699194490.000889": {"GPUs": 1, "CPUs": 1}, "1699194537.50065": {"GPUs": 1, "CPUs": 1}, "1699194613.500913": {"GPUs": 1, "CPUs": 1}, "1699194614.001685": {"GPUs": 1, "CPUs": 1}, "1699194769.000968": {"GPUs": 1, "CPUs": 1}, "1699194773.000899": {"GPUs": 1, "CPUs": 1}, "1699194780.001357": {"GPUs": 1, "CPUs": 1}, "1699194781.00099": {"GPUs": 1, "CPUs": 1}, "1699194782.001684": {"GPUs": 1, "CPUs": 1}, "1699194783.000651": {"GPUs": 1, "CPUs": 1}, "1699194783.5015": {"GPUs": 1, "CPUs": 1}, "1699194791.000801": {"GPUs": 1, "CPUs": 1}, "1699194812.000951": {"GPUs": 1, "CPUs": 1}, "1699194812.501683": {"GPUs": 1, "CPUs": 1}, "1699194865.501372": {"GPUs": 1, "CPUs": 1}, "1699194867.501291": {"GPUs": 1, "CPUs": 1}, "1699194972.001492": {"GPUs": 1, "CPUs": 1}, "1699194973.001182": {"GPUs": 1, "CPUs": 1}, "1699194974.001133": {"GPUs": 1, "CPUs": 1}, "1699194975.501464": {"GPUs": 1, "CPUs": 1}}}, "Datapoints": 1083, "RuleParameters": "threshold:50\nio_threshold:50\ngpu_threshold:10\npatience:1000"}