{"RuleTriggered": 0, "Violations": 0, "Details": {"step_num": {"first": 1699194799142531, "last": 1699195019593945}, "job_start": 1699194479.000691, "job_end": 1699195019.501504}, "Datapoints": 766, "RuleParameters": "threshold:20"}