{"RuleTriggered": 0, "Violations": 0, "Details": {"ratio": {"gpu_functions-dev:0": 52.20681274515794, "cpu_functions": 47.79318725484206}, "phase": {"Step:ModeKeys.TRAIN": 28.82119606085644, "others": 66.12855651069613, "Step:ModeKeys.EVAL": 5.050247428447439}, "phase_time": {}, "CPU": {"aten::conv2d": 17.355394082362935, "aten::convolution": 17.285451381408237, "aten::_convolution": 17.231699523487237, "aten::cudnn_convolution": 17.15707076312405, "aten::to": 9.706874652263199, "aten::copy_": 9.673346840210451, "aten::linear": 5.800064850419678, "aten::addmm": 5.790097906724204}, "CPU_total": {"aten::conv2d": 1196270, "aten::convolution": 1191449, "aten::_convolution": 1187744, "aten::cudnn_convolution": 1182600, "aten::to": 669074, "aten::copy_": 666763, "aten::linear": 399786, "aten::addmm": 399099}, "GPU": {"aten::conv2d": 17.92777912115718, "aten::convolution": 17.890458570914326, "aten::_convolution": 17.85777635553331, "aten::cudnn_convolution": 17.80978897180414, "aten::to": 8.931320964351256, "aten::copy_": 8.904921219820581, "aten::linear": 5.343655833949216, "aten::addmm": 5.3342989624699895}, "GPU_total": {"aten::conv2d": 1341201, "aten::convolution": 1338409, "aten::_convolution": 1335964, "aten::cudnn_convolution": 1332374, "aten::to": 668164, "aten::copy_": 666189, "aten::linear": 399766, "aten::addmm": 399066}, "general": {"DataLoaderIterInitialize": 0.1755517907456988, "DataLoaderIter": 0.10025443866312274, "Forward": 2.7339085795033324, "DataLoaderWorker": 96.99028519108785}}, "Datapoints": 0, "RuleParameters": ""}