{"RuleTriggered": 0, "Violations": 0, "Details": {"step_details": {"algo-1-27": {"step_stats": {"mean": 0.04079509766763849, "max": 5.086222, "p99": 0.43087664999999975, "p95": 0.0251565, "p50": 0.022737, "min": 0.014257}, "number_of_outliers": 2, "phase": "Step:ModeKeys.TRAIN", "stddev": 0.25, "probs": [107, 523, 44, 0, 0, 0, 0, 0, 0, 0, 0, 0, 0, 0, 0, 0, 0, 0, 0, 0, 0, 0, 0, 0, 0, 0, 0, 0, 0, 0, 0, 0, 0, 0, 0, 0, 0, 0, 0, 0, 0, 1, 0, 0, 0, 0, 0, 0, 0, 0, 0, 0, 0, 0, 0, 0, 0, 0, 0, 0, 0, 0, 0, 0, 0, 0, 0, 0, 0, 0, 0, 0, 0, 0, 0, 1, 0, 0, 1, 0, 1, 1, 0, 2, 0, 0, 1, 0, 0, 0, 1, 0, 0, 0, 0, 0, 0, 0, 0, 1], "binedges": [0.014257, 0.01934158, 0.024426160000000002, 0.02951074, 0.034595320000000006, 0.039679900000000004, 0.04476448, 0.04984906000000001, 0.054933640000000006, 0.060018220000000004, 0.06510280000000002, 0.07018738000000001, 0.07527196000000001, 0.08035654000000002, 0.08544112000000002, 0.09052570000000001, 0.09561028000000002, 0.10069486000000002, 0.10577944000000002, 0.11086402000000002, 0.11594860000000003, 0.12103318000000002, 0.12611776000000002, 0.13120234000000003, 0.13628692, 0.1413715, 0.14645608000000002, 0.15154066000000002, 0.15662524000000003, 0.16170982, 0.1667944, 0.17187898000000001, 0.17696356000000002, 0.18204814000000002, 0.18713272000000003, 0.19221730000000004, 0.19730188, 0.20238646000000002, 0.20747104000000002, 0.21255562000000003, 0.21764020000000003, 0.22272478000000004, 0.22780936000000002, 0.23289394000000002, 0.23797852000000003, 0.24306310000000003, 0.24814768000000004, 0.25323226000000004, 0.25831684000000005, 0.26340142000000005, 0.26848600000000006, 0.27357058000000006, 0.27865516000000007, 0.2837397400000001, 0.2888243200000001, 0.2939089000000001, 0.2989934800000001, 0.3040780600000001, 0.30916264000000004, 0.31424722000000005, 0.31933180000000005, 0.32441638000000006, 0.32950096000000006, 0.33458554000000007, 0.3396701200000001, 0.3447547000000001, 0.3498392800000001, 0.3549238600000001, 0.3600084400000001, 0.3650930200000001, 0.3701776000000001, 0.37526218000000006, 0.38034676000000006, 0.38543134000000007, 0.39051592000000007, 0.3956005000000001, 0.4006850800000001, 0.4057696600000001, 0.4108542400000001, 0.4159388200000001, 0.4210234000000001, 0.4261079800000001, 0.4311925600000001, 0.4362771400000001, 0.44136172000000007, 0.4464463000000001, 0.4515308800000001, 0.4566154600000001, 0.4617000400000001, 0.4667846200000001, 0.4718692000000001, 0.4769537800000001, 0.4820383600000001, 0.4871229400000001, 0.4922075200000001, 0.4972921000000001, 0.50237668, 0.50746126, 0.51254584, 0.51763042, 0.522715], "step_numbers": ["0", "500"]}}}, "Datapoints": 766, "RuleParameters": "threshold:3\nmode:None\nn_outliers:10\nstddev:3"}